video-1,0,0,NoLight
video-1,1,0,NoLight
video-1,2,0,NoLight
video-1,3,0,NoLight
video-1,4,0,NoLight
video-1,5,0,NoLight
video-1,6,0,NoLight
video-1,7,0,NoLight
video-1,8,0,NoLight
video-1,9,0,NoLight
video-1,10,0,NoLight
video-1,11,0,NoLight
video-1,12,0,NoLight
video-1,13,0,NoLight
video-1,14,0,NoLight
video-1,15,0,NoLight
video-1,16,0,NoLight
video-1,17,0,NoLight
video-1,18,0,NoLight
video-1,19,0,NoLight
video-1,20,0,NoLight
video-1,21,0,NoLight
video-1,22,0,NoLight
video-1,23,0,NoLight
video-1,24,0,NoLight
video-1,25,0,NoLight
video-1,26,0,NoLight
video-1,27,0,NoLight
video-1,28,0,NoLight
video-1,29,0,NoLight
video-1,30,0,NoLight
video-1,31,0,NoLight
video-1,32,0,NoLight
video-1,33,0,NoLight
video-1,34,0,NoLight
video-1,35,0,NoLight
video-1,36,0,NoLight
video-1,37,0,NoLight
video-1,38,0,NoLight
video-1,39,0,NoLight
video-1,40,0,NoLight
video-1,41,0,NoLight
video-1,42,0,NoLight
video-1,43,0,NoLight
video-1,44,0,NoLight
video-1,45,0,NoLight
video-1,46,0,NoLight
video-1,47,0,NoLight
video-1,48,0,NoLight
video-1,49,0,NoLight
video-1,50,0,NoLight
video-1,51,0,NoLight
video-1,52,0,NoLight
video-1,53,0,NoLight
video-1,54,0,NoLight
video-1,55,0,NoLight
video-1,56,0,NoLight
video-1,57,0,NoLight
video-1,58,0,NoLight
video-1,59,0,NoLight
video-1,60,0,NoLight
video-1,61,0,NoLight
video-1,62,0,NoLight
video-1,63,0,NoLight
video-1,64,0,NoLight
video-1,65,0,NoLight
video-1,66,0,NoLight
video-1,67,0,NoLight
video-1,68,0,NoLight
video-1,69,0,NoLight
video-1,70,0,NoLight
video-1,71,0,NoLight
video-1,72,0,NoLight
video-1,73,0,NoLight
video-1,74,0,NoLight
video-1,75,0,NoLight
video-1,76,0,NoLight
video-1,77,0,NoLight
video-1,78,0,NoLight
video-1,79,0,NoLight
video-1,80,0,NoLight
video-1,81,0,NoLight
video-1,82,0,NoLight
video-1,83,0,NoLight
video-1,84,0,NoLight
video-1,85,0,NoLight
video-1,86,0,NoLight
video-1,87,0,NoLight
video-1,88,0,NoLight
video-1,89,0,NoLight
video-1,90,0,NoLight
video-1,91,0,NoLight
video-1,92,0,NoLight
video-1,93,0,NoLight
video-1,94,0,NoLight
video-1,95,0,NoLight
video-1,96,0,NoLight
video-1,97,0,NoLight
video-1,98,0,NoLight
video-1,99,0,NoLight
video-1,100,0,NoLight
video-1,101,0,NoLight
video-1,102,0,NoLight
video-1,103,0,NoLight
video-1,104,0,NoLight
video-1,105,0,NoLight
video-1,106,0,NoLight
video-1,107,0,NoLight
video-1,108,0,NoLight
video-1,109,0,NoLight
video-1,110,0,NoLight
video-1,111,0,NoLight
video-1,112,0,NoLight
video-1,113,0,NoLight
video-1,114,0,NoLight
video-1,115,0,NoLight
video-1,116,0,NoLight
video-1,117,0,NoLight
video-1,118,0,NoLight
video-1,119,0,NoLight
video-1,120,0,NoLight
video-1,121,0,NoLight
video-1,122,0,NoLight
video-1,123,0,NoLight
video-1,124,0,NoLight
video-1,125,0,NoLight
video-1,126,0,NoLight
video-1,127,1,Light
video-1,128,1,Light
video-1,129,1,Light
video-1,130,1,Light
video-1,131,1,Light
video-1,132,1,Light
video-1,133,1,Light
video-1,134,1,Light
video-1,135,0,NoLight
video-1,136,0,NoLight
video-1,137,0,NoLight
video-1,138,0,NoLight
video-1,139,0,NoLight
video-1,140,0,NoLight
video-1,141,0,NoLight
video-1,142,0,NoLight
video-1,143,0,NoLight
video-1,144,0,NoLight
video-1,145,0,NoLight
video-1,146,0,NoLight
video-1,147,0,NoLight
video-1,148,0,NoLight
video-1,149,0,NoLight
video-1,150,0,NoLight
video-1,151,0,NoLight
video-1,152,0,NoLight
video-1,153,0,NoLight
video-1,154,0,NoLight
video-1,155,0,NoLight
video-1,156,0,NoLight
video-1,157,0,NoLight
video-1,158,0,NoLight
video-1,159,0,NoLight
video-1,160,0,NoLight
video-1,161,0,NoLight
video-1,162,0,NoLight
video-1,163,0,NoLight
video-1,164,0,NoLight
video-1,165,0,NoLight
video-1,166,0,NoLight
video-1,167,0,NoLight
video-1,168,0,NoLight
video-1,169,0,NoLight
video-1,170,0,NoLight
video-1,171,0,NoLight
video-1,172,0,NoLight
video-1,173,0,NoLight
video-1,174,0,NoLight
video-1,175,0,NoLight
video-1,176,0,NoLight
video-1,177,0,NoLight
video-1,178,0,NoLight
video-1,179,0,NoLight
video-1,180,0,NoLight
video-1,181,0,NoLight
video-1,182,0,NoLight
video-1,183,0,NoLight
video-1,184,0,NoLight
video-1,185,0,NoLight
video-1,186,0,NoLight
video-1,187,0,NoLight
video-1,188,0,NoLight
video-1,189,0,NoLight
video-1,190,0,NoLight
video-1,191,0,NoLight
video-1,192,0,NoLight
video-1,193,0,NoLight
video-1,194,0,NoLight
video-1,195,0,NoLight
video-1,196,0,NoLight
video-1,197,0,NoLight
video-1,198,0,NoLight
video-1,199,0,NoLight
video-1,200,0,NoLight
video-1,201,1,Light
video-1,202,1,Light
video-1,203,0,NoLight
video-1,204,0,NoLight
video-1,205,0,NoLight
video-1,206,0,NoLight
video-1,207,0,NoLight
video-1,208,0,NoLight
video-1,209,0,NoLight
video-1,210,0,NoLight
video-1,211,0,NoLight
video-1,212,0,NoLight
video-1,213,0,NoLight
video-1,214,0,NoLight
video-1,215,0,NoLight
video-1,216,0,NoLight
video-1,217,0,NoLight
video-1,218,0,NoLight
video-1,219,0,NoLight
video-1,220,0,NoLight
video-1,221,0,NoLight
video-1,222,0,NoLight
video-1,223,0,NoLight
video-1,224,0,NoLight
video-1,225,0,NoLight
video-1,226,0,NoLight
video-1,227,0,NoLight
video-1,228,0,NoLight
video-1,229,0,NoLight
video-1,230,0,NoLight
video-1,231,0,NoLight
video-1,232,0,NoLight
video-1,233,0,NoLight
video-1,234,0,NoLight
video-1,235,0,NoLight
video-1,236,0,NoLight
video-1,237,0,NoLight
video-1,238,0,NoLight
video-1,239,0,NoLight
video-1,240,0,NoLight
video-1,241,0,NoLight
video-1,242,0,NoLight
video-1,243,0,NoLight
video-1,244,0,NoLight
video-1,245,0,NoLight
video-1,246,0,NoLight
video-1,247,0,NoLight
video-1,248,0,NoLight
video-1,249,0,NoLight
video-1,250,0,NoLight
video-1,251,0,NoLight
video-1,252,0,NoLight
video-1,253,0,NoLight
video-1,254,1,Light
video-1,255,1,Light
video-1,256,1,Light
video-1,257,1,Light
video-1,258,0,NoLight
video-1,259,0,NoLight
video-1,260,0,NoLight
video-1,261,0,NoLight
video-1,262,0,NoLight
video-1,263,0,NoLight
